{"cameraMode":{"drawMode":0,"name":"Shaded","section":"Shading Mode"},"sceneLighting":true,"audioPlay":false,"sceneViewState":{"showFog":true,"showMaterialUpdate":false,"showSkybox":true,"showFlares":true,"showImageEffects":true,"showParticleSystems":true},"in2DMode":false,"pivot":{"x":-38.014869689941409,"y":-34.72136688232422,"z":19.148847579956056},"rotation":{"x":0.29707491397857668,"y":-0.5257289409637451,"z":0.2025889754295349,"w":0.7709171772003174},"size":61.22611999511719,"orthographic":false}