{"cameraMode":{"drawMode":0,"name":"Shaded","section":"Shading Mode"},"sceneLighting":true,"audioPlay":false,"sceneViewState":{"showFog":true,"showMaterialUpdate":false,"showSkybox":true,"showFlares":true,"showImageEffects":true,"showParticleSystems":true},"in2DMode":false,"pivot":{"x":-7.399850368499756,"y":-7.860239028930664,"z":2.782897472381592},"rotation":{"x":0.3319227993488312,"y":-0.5371494889259338,"z":0.24201326072216035,"w":0.7367002964019775},"size":12.324456214904786,"orthographic":false}