{"cameraMode":{"drawMode":0,"name":"Shaded","section":"Shading Mode"},"sceneLighting":true,"audioPlay":false,"sceneViewState":{"showFog":true,"showMaterialUpdate":false,"showSkybox":true,"showFlares":true,"showImageEffects":true,"showParticleSystems":true},"in2DMode":false,"pivot":{"x":1.533021092414856,"y":2.046091318130493,"z":4.272089004516602},"rotation":{"x":0.07596029341220856,"y":-0.0636724904179573,"z":-0.004860337357968092,"w":-0.9950639605522156},"size":5.579366683959961,"orthographic":false}