{"cameraMode":{"drawMode":0,"name":"Shaded","section":"Shading Mode"},"sceneLighting":true,"audioPlay":false,"sceneViewState":{"showFog":true,"showMaterialUpdate":false,"showSkybox":true,"showFlares":true,"showImageEffects":true,"showParticleSystems":true},"in2DMode":false,"pivot":{"x":-46.293949127197269,"y":-26.26778221130371,"z":25.11914825439453},"rotation":{"x":-0.20406953990459443,"y":0.49986398220062258,"z":-0.12249065190553665,"w":-0.8327590823173523},"size":60.24126052856445,"orthographic":false}