{"cameraMode":{"drawMode":0,"name":"Shaded","section":"Shading Mode"},"sceneLighting":true,"audioPlay":false,"sceneViewState":{"showFog":true,"showMaterialUpdate":false,"showSkybox":true,"showFlares":true,"showImageEffects":true,"showParticleSystems":true},"in2DMode":false,"pivot":{"x":51.74584197998047,"y":-9.046142578125,"z":-27.04403305053711},"rotation":{"x":0.04485621303319931,"y":0.854283332824707,"z":-0.07478288561105728,"w":0.5124406814575195},"size":60.48598098754883,"orthographic":false}