{"cameraMode":{"drawMode":0,"name":"Shaded","section":"Shading Mode"},"sceneLighting":true,"audioPlay":false,"sceneViewState":{"showFog":true,"showMaterialUpdate":false,"showSkybox":true,"showFlares":true,"showImageEffects":true,"showParticleSystems":true},"in2DMode":false,"pivot":{"x":-1.3825163841247559,"y":-0.8670529127120972,"z":-0.9590675830841065},"rotation":{"x":0.0802680104970932,"y":-0.9184169173240662,"z":0.24708496034145356,"w":0.2983562648296356},"size":5.210414886474609,"orthographic":false}