{"cameraMode":{"drawMode":0,"name":"Shaded","section":"Shading Mode"},"sceneLighting":true,"audioPlay":false,"sceneViewState":{"showFog":true,"showMaterialUpdate":false,"showSkybox":true,"showFlares":true,"showImageEffects":true,"showParticleSystems":true},"in2DMode":false,"pivot":{"x":-1.9422070980072022,"y":-0.6199773550033569,"z":-0.6666064262390137},"rotation":{"x":0.0870068222284317,"y":-0.9023844003677368,"z":0.2168259620666504,"w":0.36210331320762637},"size":5.210414886474609,"orthographic":false}